Time (s),ESC signal (µs),Servo 1 (µs),Servo 2 (µs),Servo 3 (µs),Thrust (kgf),Voltage (V),Current (A),Motor Electrical Speed (RPM),Motor Optical Speed (RPM),Electrical Power (W),Overall Efficiency (kgf/W),App message,
0,1423,,,,0.11207837539023577,8.177487935387177,0.06428274617428527,0,0,0.525671381293774,0,,
0.05,1423,,,,0.11242170835947314,8.177135449636836,0.06712086176439834,0,0,0.5488563781438354,0,,
0.1,1423,,,,0.11242170835947314,8.174309836383594,0.08035231072329209,0,0,0.6568246839215575,0,,
0.15,1423,,,,0.11242170835947314,8.169997880760333,0.09730533158534238,0,0,0.7949843528389287,0,,
0.2,1423,,,,0.11264045295113374,8.165110449334566,0.11637393747363481,0,0,0.950206052896183,0,,
0.25,1423,,,,0.11264045295113374,8.160640298263205,0.13700072994602472,0,0,1.118013677689004,0,,
0.3,1423,,,,0.11264045295113374,8.151062556342533,0.17986007948097815,0,0,1.4660507592381928,0,,
0.35000000000000003,1423,,,,0.11300419542988135,8.144207728549054,0.21143533721749702,0,0,1.7219733074551147,0,,
0.4,1423,,,,0.11300419542988135,8.137642666939717,0.24215105239905552,0,0,1.9705387358469093,0,,
0.45,1423,,,,0.11300419542988135,8.13093177824501,0.27417102418137934,0,0,2.2292658931903584,0,,
0.5,1423,,,,0.11317885678951231,8.122913739490722,0.31114690310435994,0,0,2.5274194542263935,0,,
0.55,1423,,,,0.11317885678951231,8.11105809381176,0.3645837267666717,0,0,2.9571597878628677,0.038272824232912485,,
0.6,1423,,,,0.11317885678951231,8.087334064157595,0.4842224450045388,1179,0,3.9160686741148845,0.02890114198906207,,
0.65,1423,,,,0.11296941292675763,7.9919485310146605,0.9124485314969892,2550,0,7.292241700923848,0.015491726352466572,,
0.7000000000000001,1423,,,,0.11296941292675763,7.922063225068125,1.2201909584135195,4148,0,9.666429919208372,0.011686777214644018,,
0.75,1423,,,,0.11296941292675763,7.880059491587385,1.4175230737873001,5028,0,11.17016615214174,0.010113494408952652,,
0.8,1423,,,,0.11184198900754663,7.8677462233854065,1.480930424161004,5280,0,11.651584751789287,0.009598864994770048,,
0.85,1423,,,,0.11184198900754663,7.861282951856685,1.5104578500138284,5416,0,11.874136545811812,0.009418957629133463,,
0.9,1423,,,,0.11184198900754663,7.8595368787350335,1.5289984731211368,5482,0,12.017219887025131,0.009306810565087626,,
0.9500000000000001,1423,,,,0.11128955038850805,7.8570650552655605,1.5284339049137765,5523,0,12.009004623581118,0.009267175246979061,,
1,1423,,,,0.11128955038850805,7.856627206315561,1.5299730959660298,5542,0,12.020428250697558,0.009258368176861735,,
1.05,1423,,,,0.11128955038850805,7.855236127167394,1.529094760940511,5552,0,12.011400408002292,0.009265326823537095,,
1.1,1423,,,,0.1115147358183651,7.85419262221623,1.534658446660129,5535,0,12.053503049379804,0.009251645381555939,,
1.1500000000000001,1423,,,,0.1115147358183651,7.854028600661785,1.5414415992255703,5545,0,12.10652640656747,0.00921112564194064,,
1.2,1423,,,,0.1115147358183651,7.854203355415865,1.5382430458668013,5538,0,12.081673692292151,0.009230073469829691,,
1.25,1423,,,,0.11200921427645774,7.8540161229698615,1.5447450257345352,5533,0,12.132452337996533,0.009232198994564865,,
1.3,1423,,,,0.11200921427645774,7.854250311652616,1.543534799690287,5540,0,12.123308681514095,0.009239162114815406,,
1.35,1423,,,,0.11200921427645774,7.854474640281875,1.545253520487258,5538,0,12.137154589473457,0.009228622198946303,,
1.4000000000000001,1423,,,,0.11179975321970397,7.854253849752535,1.5484288771189605,5546,0,12.16175346917959,0.00919273306296068,,
1.45,1423,,,,0.11179975321970397,7.854053461411472,1.5471466746265974,5558,0,12.151372695162276,0.009200586306122752,,
1.5,1423,,,,0.11179975321970397,7.853715091683959,1.5440317675506114,5551,0,12.126385594851696,0.009219544632257859,,
1.55,1423,,,,0.11139602670078967,7.853670480524496,1.5434116884885394,5551,0,12.12144681717891,0.009189994262311624,,
1.6,1423,,,,0.11139602670078967,7.8542661626151835,1.5421468793890298,5532,0,12.112432052567856,0.009196833981592782,,
1.6500000000000001,1423,,,,0.11139602670078967,7.853877831682139,1.5435192624725926,5535,0,12.12261171830786,0.009189111165917878,,
1.7,1423,,,,0.11105260167717448,7.85284358164747,1.5440011001931415,5543,0,12.124799129708343,0.009159129193742429,,
1.75,1423,,,,0.11105260167717448,7.853191344995006,1.5479799928386615,5544,0,12.156583081986007,0.009135182224167546,,
1.8,1423,,,,0.11105260167717448,7.853666898336191,1.5447845623573013,5554,0,12.132223382446297,0.009153524310956286,,
1.85,1423,,,,0.1109325319248968,7.854397554509347,1.540431681328757,5553,0,12.099162830717312,0.009168612198792935,,
1.9000000000000001,1423,,,,0.1109325319248968,7.854203726692428,1.5391822125783845,5564,0,12.089050670091845,0.009176281492420446,,
1.95,1423,,,,0.1109325319248968,7.854109305704672,1.5417010425316788,5570,0,12.108688504762652,0.009161399426640154,,
2,1423,,,,0.11123598769506712,7.853763450836141,1.5441196758767393,5560,0,12.127150674117683,0.00917247510847474,,
2.05,1423,,,,0.11123598769506712,7.855308488840792,1.5394640047836843,5577,0,12.092964665042116,0.009198405087267303,,
2.1,1423,,,,0.11123598769506712,7.854475065246173,1.5451530893628374,5560,0,12.136366412388497,0.009165509998241337,,
2.15,1423,,,,0.11274441211541346,7.85512830064034,1.539148857311657,5562,0,12.090211747967038,0.009325263648452755,,
2.2,1423,,,,0.11274441211541346,7.854841533611538,1.5415352178933897,5557,0,12.108514855033908,0.009311167675409994,,
2.25,1423,,,,0.11274441211541346,7.855027535200954,1.5425421844320657,5567,0,12.116711332922906,0.009304869037283255,,
2.3000000000000003,1423,,,,0.11330666454939045,7.8553498984186625,1.541937159712079,5554,0,12.11245591091224,0.009354557439281267,,
2.35,1423,,,,0.11330666454939045,7.8557947326990085,1.5397530791032796,5549,0,12.095984128476625,0.009367296066687247,,
2.4,1423,,,,0.11330666454939045,7.8554678345502875,1.54042217074412,5543,0,12.100736813908565,0.009363616967452425,,
2.45,1423,,,,0.1121689606368577,7.856098079192395,1.5404272138538686,5545,0,12.10174727589307,0.009268823590482722,,
2.5,1423,,,,0.1121689606368577,7.855413126655825,1.5411503904739365,5535,0,12.10637300747971,0.009265282059916382,,
2.5500000000000003,1423,,,,0.1121689606368577,7.8549210633433795,1.543627089475831,5536,0,12.125068939071141,0.009250995701592322,,
2.6,1423,,,,0.1117103761305234,7.855465029786706,1.540812066428142,5546,0,12.103795305299661,0.009229367591966041,,
2.65,1423,,,,0.1117103761305234,7.8549830990172085,1.5461467949055743,5554,0,12.144956942582912,0.009198087457917784,,
2.7,1423,,,,0.1117103761305234,7.854423935600746,1.5482745807162805,5561,0,12.160804925660162,0.009186100493628228,,
2.75,1423,,,,0.11303739580051568,7.854968256912754,1.545267423384645,5543,0,12.138026559127747,0.009312666704911106,,
2.8000000000000003,1423,,,,0.11303739580051568,7.854555655653356,1.5485919569257613,5540,0,12.163501713570538,0.009293162319729233,,
2.85,1423,,,,0.11303739580051568,7.854807140431318,1.5474449379846755,5543,0,12.154881548306328,0.009299752971781648,,
2.9,1423,,,,0.11367082233276293,7.854046627574534,1.5483005760816224,5545,0,12.160424918045575,0.009347602826286118,,
2.95,1423,,,,0.11367082233276293,7.853822978691577,1.5450596610187597,5535,0,12.134625069158552,0.00936747709013849,,
3,1423,,,,0.11367082233276293,7.854117401109586,1.5434165660875576,5535,0,12.12217490886909,0.009377098019728837,,
3.0500000000000003,1423,,,,0.11314050582303996,7.854110381828532,1.542803064984406,5541,0,12.117345569810903,0.009337070166994137,,
3.1,1423,,,,0.11314050582303996,7.854509965934395,1.5396241485217108,5542,0,12.092993218357034,0.00935587275872229,,
3.15,1423,,,,0.11314050582303996,7.854049841110172,1.5397395866156762,5540,0,12.093191455609894,0.009355719392878326,,
3.2,1423,,,,0.11167058885286615,7.855093219900306,1.5381604290235955,5542,0,12.082393557142192,0.009242422730623189,,
3.25,1423,,,,0.11167058885286615,7.855408735398651,1.5393668199087844,5538,0,12.092355564094307,0.009234808574803107,,
3.3000000000000003,1423,,,,0.11167058885286615,7.85495901489487,1.539849832178712,5536,0,12.095457320856527,0.009232440402258252,,
3.35,1423,,,,0.11143559445926354,7.853617139736523,1.5441612013413701,5529,0,12.127250877370724,0.009188858677542556,,
3.4,1423,,,,0.11143559445926354,7.853508279840466,1.5467899874210964,5527,0,12.14772797338591,0.009173369267356367,,
3.45,1423,,,,0.11143559445926354,7.8537000714257,1.5463959943482801,5543,0,12.144930331265504,0.009175482396336804,,
3.5,1423,,,,0.11131832477793249,7.8547599019237575,1.5402495226228574,5544,0,12.09829018925523,0.009201161737449219,,
3.5500000000000003,1423,,,,0.11131832477793249,7.855306957352535,1.5351520359720572,5541,0,12.05909046876521,0.009231071370288089,,
3.6,1423,,,,0.11131832477793249,7.856307984313463,1.531480738575922,5545,0,12.031784354296295,0.009252021271323988,,
3.65,1423,,,,0.11153818347074648,7.855609213632128,1.5368914254855754,5536,0,12.073218442396701,0.00923847969809487,,
3.7,1423,,,,0.11153818347074648,7.855370306008834,1.539274075690363,5551,0,12.09156786698727,0.009224459945783465,,
3.75,1423,,,,0.11153818347074648,7.8546572417280585,1.5409085220714334,5545,0,12.103308281728864,0.00921551206285676,,
3.8000000000000003,1423,,,,0.11162014298098308,7.8548038687596815,1.540313324043621,5555,0,12.09885905679992,0.009225675120022927,,
3.85,1423,,,,0.11162014298098308,7.854752423531246,1.5397843896382197,5546,0,12.094625166226386,0.00922890469501085,,
3.9,1423,,,,0.11162014298098308,7.854910881333515,1.5477555008788735,5531,0,12.157481525497268,0.009181189603034792,,
3.95,1423,,,,0.11072731814406298,7.853834050247939,1.5482910379704788,5560,0,12.160020873706271,0.00910584934796368,,
4,1423,,,,0.11072731814406298,7.8538131688164174,1.5456192171930598,5552,0,12.139004561966576,0.009121614344802966,,
4.05,1423,,,,0.11072731814406298,7.85362466298084,1.5448866623453643,5558,0,12.132959992905706,0.009126158679234633,,
4.1,1423,,,,0.11039493808318442,7.854291436491004,1.5473855376303793,5568,0,12.153616977160317,0.009083299094470731,,
4.15,1423,,,,0.11039493808318442,7.8562850469626255,1.5386614240640522,5572,0,12.088162738212633,0.00913248278286395,,
4.2,1423,,,,0.11039493808318442,7.85596055545094,1.5408530159824374,5560,0,12.104880515305645,0.009119870117148115,,
4.25,1423,,,,0.11032593403436888,7.856676017578355,1.5422717670056787,5551,0,12.117129604421708,0.009104956176593954,,
4.3,1423,,,,0.11032593403436888,7.855851511501227,1.5452637002328862,5538,0,12.139362175142498,0.009088280952707783,,
4.3500000000000005,1423,,,,0.11032593403436888,7.855809061443882,1.5436235497004234,5552,0,12.126411869194756,0.00909798671069672,,
4.4,1423,,,,0.11030148900971673,7.85612584939641,1.5430577670018484,5560,0,12.122456010455123,0.009098939102322682,,
4.45,1423,,,,0.11030148900971673,7.85603255308528,1.5394535641858886,5556,0,12.0939973142075,0.00912035005003179,,
4.5,1423,,,,0.11030148900971673,7.8553460439807266,1.5400384397946794,5553,0,12.097534865619386,0.009117683084608277,,
4.55,1423,,,,0.11115122910784132,7.8555369565246265,1.543193463211438,5540,0,12.122613281324677,0.009168916513989092,,
4.6000000000000005,1423,,,,0.11115122910784132,7.85535874137327,1.5450731323859637,5553,0,12.13710373654906,0.009157969769437344,,
4.65,1423,,,,0.11115122910784132,7.855045175352469,1.5430205452279138,5200,0,12.12049608926226,0.009170518128074968,,
4.7,1423,,,,0.11160509298912155,7.855177891913087,1.541236951766917,5183,0,12.106690429719004,0.009218464256355145,,
4.75,1423,,,,0.11160509298912155,7.856179135807711,1.543586461044589,5552,0,12.126691749573762,0.00920325966008366,,
4.8,1423,,,,0.11160509298912155,7.856507498926818,1.540052179763684,5544,0,12.099431499051974,0.009223994780074265,,
4.8500000000000005,1423,,,,0.11281849070549108,7.856194968591778,1.5374266109298564,5559,0,12.078323205366248,0.009340575573881583,,
4.9,1423,,,,0.11281849070549108,7.856063986118554,1.5391726310182954,5568,0,12.09183867496217,0.009330135286959907,,
4.95,1423,,,,0.11281849070549108,7.855704039081083,1.5421948860479608,5581,0,12.115026595377156,0.009312277593227924,,
5,1423,,,,0.11230746711953761,7.854998440996605,1.5436385760423823,5570,0,12.125278608275131,0.009262258686814108,,
5.05,1423,,,,0.11230746711953761,7.854539709006037,1.5452911175262416,5550,0,12.137550444584178,0.009252893953544773,,
5.1000000000000005,1423,,,,0.11230746711953761,7.85416646415063,1.5455835069113717,5556,0,12.13927014752762,0.009251583147477037,,
5.15,1423,,,,0.11145154273311235,7.854748823062711,1.5406014979877773,5557,0,12.101037803128143,0.009210081362137542,,
5.2,1423,,,,0.11145154273311235,7.854498979923404,1.5397126837586466,5560,0,12.093671703957417,0.009215691103690372,,
5.25,1423,,,,0.11145154273311235,7.854924537905577,1.5444717388108413,5546,0,12.131708959286971,0.009186796609375865,,
5.3,1423,,,,0.10988893478946873,7.853817262876556,1.5457058880811956,5533,0,12.139691587142032,0.009052036783690579,,
5.3500000000000005,1423,,,,0.10988893478946873,7.853809168324107,1.5486776247766645,5541,0,12.163018528249369,0.009034676263482196,,
5.4,1423,,,,0.10988893478946873,7.8541266195459984,1.5478966774974658,5551,0,12.157376499039653,0.009038869101252987,,
5.45,1423,,,,0.10931717330778248,7.853701129174017,1.5493246256152737,5549,0,12.167932561651787,0.008984038393860293,,
5.5,1423,,,,0.10931717330778248,7.854374328252431,1.5465983307929045,5548,0,12.147562225497852,0.008999103793708062,,
5.55,1423,,,,0.10931717330778248,7.854084528115758,1.5492000679288052,5538,0,12.16754828447551,0.00898432212899122,,
5.6000000000000005,1423,,,,0.10904713936677765,7.854916332247322,1.5544329771904684,5541,0,12.209940979917238,0.008931012815388465,,
5.65,1423,,,,0.10904713936677765,7.8547424680567515,1.553866084950126,5559,0,12.205217927130835,0.008934468849128702,,
5.7,1423,,,,0.10904713936677765,7.854849013172279,1.55347382046899,5549,0,12.202302305699815,0.00893660365354501,,
5.75,1423,,,,0.1110731015107326,7.854623565617458,1.5472338738380143,5541,0,12.152939646969655,0.009139607760532964,,
5.8,1423,,,,0.1110731015107326,7.85358876966638,1.5495245125724675,5537,0,12.169328310261902,0.009127299278882069,,
5.8500000000000005,1423,,,,0.1110731015107326,7.853497370791336,1.546832541949213,5536,0,12.148045301252624,0.009143290031959257,,
5.9,1423,,,,0.11118513244948625,7.853699731203213,1.5478063150712145,5554,0,12.156006040629434,0.009146518361200907,,
5.95,1423,,,,0.11118513244948625,7.853051952063794,1.5493144872441302,5547,0,12.166847158413233,0.009138368469813729,,
6,1423,,,,0.11118513244948625,7.853879908165619,1.551251696086865,5544,0,12.183344528404469,0.009125994277701598,,
6.05,1423,,,,0.11123830018265077,7.853158289013134,1.5532858331276458,5544,0,12.198199515633043,0.009119239281181564,,
6.1000000000000005,1423,,,,0.11123830018265077,7.854174053483062,1.5535803051006212,5560,0,12.202090122323598,0.009116331633966662,,
6.15,1423,,,,0.11123830018265077,7.854903185387746,1.5479453038111985,5565,0,12.158960497712586,0.009148668605640882,,
6.2,1423,,,,0.11125931559501154,7.854191697636129,1.544653882132809,5546,0,12.132007696768925,0.009170725767396509,,
6.25,1423,,,,0.11125931559501154,7.8536371675118115,1.546539039020488,5544,0,12.145956477859304,0.009160193830582598,,
6.3,1423,,,,0.11125931559501154,7.854235286292112,1.5453522954791947,5550,0,12.137560528905205,0.009166530237278826,,
6.3500000000000005,1423,,,,0.11125067496131742,7.854663887828533,1.5463702329319435,5557,0,12.146218425823534,0.009159284895189463,,
6.4,1423,,,,0.11125067496131742,7.854838455795182,1.5420500106825965,5550,0,12.11255372466903,0.009184741507873666,,
6.45,1423,,,,0.11125067496131742,7.855092259649514,1.5415127790510366,5552,0,12.10872509887461,0.00918764560702242,,
6.5,1423,,,,0.11026186483149966,7.854958064036744,1.5407979330413772,5545,0,12.102903149194512,0.009110364965519695,,
6.55,1423,,,,0.11026186483149966,7.855923159737589,1.5370816353577728,5560,0,12.075195217614455,0.009131269751287939,,
6.6000000000000005,1423,,,,0.11026186483149966,7.855797615489872,1.5394052590539915,5560,0,12.093256163348915,0.009117632450858917,,
6.65,1423,,,,0.10988410651918297,7.8556453605961405,1.5382773426642922,5559,0,12.084161270210906,0.009093234032722004,,
6.7,1423,,,,0.10988410651918297,7.855511632336596,1.5442633220565598,5555,0,12.130978489806061,0.00905814041394279,,
6.75,1423,,,,0.10988410651918297,7.855535038991642,1.5448348860468841,5559,0,12.135504576797958,0.009054762068094963,,
6.8,1423,,,,0.11067324577949748,7.85540617431113,1.5438209062625312,5560,0,12.127340279085292,0.009125928953305914,,
6.8500000000000005,1423,,,,0.11067324577949748,7.854695320922336,1.5433186814434674,5551,0,12.122298025826034,0.00912972487095375,,
6.9,1423,,,,0.11067324577949748,7.854790297927901,1.543456234828281,5549,0,12.12352505860551,0.00912880084336028,,
6.95,1423,,,,0.111506514593032,7.85509726508706,1.5443273312455932,5581,0,12.130841396066456,0.009191985201388345,,
7,1423,,,,0.111506514593032,7.856675835396234,1.5338739403056558,5576,0,12.051150321343451,0.009252769372193954,,
7.05,1423,,,,0.111506514593032,7.8568941236295355,1.533485753755723,5562,0,12.048435207352949,0.0092548544830935,,
7.1000000000000005,1423,,,,0.11139722824206455,7.856303867514409,1.5383746301243315,5567,0,12.085938556331834,0.009217093709590592,,
7.15,1423,,,,0.11139722824206455,7.856012849514748,1.5346255247438967,5565,0,12.056037841581364,0.009239953432947487,,
7.2,1423,,,,0.11139722824206455,7.855345653170959,1.5350912608820007,5565,0,12.05867246339015,0.00923793465493519,,
7.25,1423,,,,0.11185487106079983,7.854821491225758,1.5353149670944306,5555,0,12.0596249993339,0.009275153337436115,,
7.3,1423,,,,0.11185487106079983,7.855706322451161,1.5336130951149216,5540,0,12.047614087488183,0.009284400234646007,,
7.3500000000000005,1423,,,,0.11185487106079983,7.855144272692871,1.5335008728511752,5538,0,12.045870598546427,0.009285744035329196,,
7.4,1423,,,,0.11177681377801414,7.8547981635581205,1.5322206757436234,5542,0,12.035284149996796,0.009287426236466872,,
7.45,1423,,,,0.11177681377801414,7.854023518183192,1.539808846186945,5539,0,12.093694891458792,0.009242569353800785,,
7.5,1423,,,,0.11177681377801414,7.854687064751102,1.539880792403082,5555,0,12.095281741347165,0.009241356767731192,,
7.55,1423,,,,0.11198028985736401,7.854074881885949,1.542238027447322,5571,0,12.112852953263344,0.009244749382282827,,
7.6000000000000005,1423,,,,0.11198028985736401,7.854100503017804,1.5412707285177707,5560,0,12.10529520413804,0.009250521194979613,,
7.65,1423,,,,0.11198028985736401,7.853771979789903,1.543561391975251,5563,0,12.122779209380726,0.00923717968654519,,
7.7,1423,,,,0.11182264467176595,7.8537646309974445,1.5390384179165548,5550,0,12.087245492379301,0.009251292591208415,,
7.75,1423,,,,0.11182264467176595,7.853937109734467,1.539270676518545,5560,0,12.08933508823508,0.009249693540266566,,
7.8,1423,,,,0.11182264467176595,7.8537335265849375,1.539638927322364,5552,0,12.091913862346921,0.009247720910415275,,
7.8500000000000005,1423,,,,0.11077508160631974,7.853176928346825,1.5419066806162776,5570,0,12.108865969879586,0.009148262263524031,,
7.9,1423,,,,0.11077508160631974,7.853332500412159,1.540880697958101,5565,0,12.101048464532125,0.009154172213341577,,
7.95,1423,,,,0.11077508160631974,7.853738021289638,1.5422437129185702,5564,0,12.112378086243476,0.009145609624928365,,
8,1423,,,,0.1102744447351984,7.854376580487025,1.5423232308467305,5550,0,12.113987463903644,0.00910306743042173,,
8.05,1423,,,,0.1102744447351984,7.854014984132798,1.5417834549369955,5550,0,12.109190357363197,0.009106673648758373,,
8.1,1423,,,,0.1102744447351984,7.854677321211842,1.543074095061198,5542,0,12.120349099426678,0.009098289482471643,,
8.15,1423,,,,0.11079349714333275,7.852522476869518,1.5518487753130292,5557,0,12.185927388847995,0.009091921657495342,,
8.2,1423,,,,0.11079349714333275,7.8525948991226,1.5560993115907062,5578,0,12.21941751672537,0.00906700315229296,,
8.25,1423,,,,0.11079349714333275,7.854478420165048,1.5469271617809603,5562,0,12.150306009775719,0.009118576688866281,,
8.3,1423,,,,0.1112714744605607,7.854884065463956,1.54183354678683,5559,0,12.110923758253646,0.00918769506617765,,
8.35,1423,,,,0.1112714744605607,7.854717644611649,1.5428580388187676,5567,0,12.118714260640699,0.009181788766317355,,
8.4,1423,,,,0.1112714744605607,7.854873029175863,1.541062615215286,5560,0,12.104851172525771,0.009192304215446461,,
8.45,1423,,,,0.1115609658177544,7.85490954025456,1.5380715945368926,5572,0,12.081413241522382,0.009234098990533046,,
8.5,1423,,,,0.1115609658177544,7.855142125676707,1.539476568834305,5564,0,12.092807247342586,0.009225398498125413,,
8.55,1423,,,,0.1115609658177544,7.855633850070504,1.53539744314876,5565,0,12.061520127711102,0.009249328827254976,,
8.6,1423,,,,0.1118184870794228,7.855300961617241,1.5362913258774997,5551,0,12.068030729489749,0.009265678020373305,,
8.65,1423,,,,0.1118184870794228,7.854675428951682,1.5394917445670149,5554,0,12.09220797912449,0.009247152155541966,,
8.700000000000001,1423,,,,0.1118184870794228,7.854370580649668,1.542704627327266,5563,0,12.116973839511388,0.009228251918379303,,
8.75,1423,,,,0.11190777339446752,7.855042615799593,1.5422512620078355,5558,0,12.114449387342251,0.00923754516745879,,
8.8,1423,,,,0.11190777339446752,7.85537540570174,1.5450730275163502,5558,0,12.137128660365066,0.009220284016590585,,
8.85,1423,,,,0.11190777339446752,7.855661220630936,1.5431987068837314,5568,0,12.122846237394336,0.009231146811816759,,
8.9,1423,,,,0.1113902178177292,7.856147451748018,1.5469089084534884,5551,0,12.15274447923318,0.009165848751948561,,
8.950000000000001,1423,,,,0.1113902178177292,7.8548332511439165,1.551870931404963,5536,0,12.189687393483384,0.009138070093354362,,
9,1423,,,,0.1113902178177292,7.8536622152865405,1.5517780044967053,5536,0,12.187140280428522,0.009139979950555925,,
9.05,1423,,,,0.11100771942190887,7.85476994834068,1.5506347337221078,5557,0,12.179879107293665,0.009114024732432216,,
9.1,1423,,,,0.11100771942190887,7.854227670625099,1.5496238623516676,5569,0,12.171098618743407,0.009120599783076094,,
9.15,1423,,,,0.11100771942190887,7.854460621239759,1.5517698331163414,5553,0,12.188315047440096,0.009107716611347665,,
9.200000000000001,1423,,,,0.11047047330660438,7.854721837065106,1.5481633192759954,5551,0,12.160392231260358,0.009084449843864511,,
9.25,1423,,,,0.11047047330660438,7.854461751597825,1.54240640923559,5558,0,12.114772146760284,0.009118658771980804,,
9.3,1423,,,,0.11047047330660438,7.8546889630057075,1.5400742285156017,5560,0,12.096804044931027,0.009132203257677409,,
9.35,1423,,,,0.1102608837078777,7.855332890685391,1.540536177522077,5561,0,12.101424504579919,0.009111397064547918,,
9.4,1423,,,,0.1102608837078777,7.855680517202693,1.5419642902524864,5559,0,12.113178833158734,0.009102555590614124,,
9.450000000000001,1423,,,,0.1102608837078777,7.855120289547289,1.5391109116688335,5538,0,12.089901350113479,0.009120081340187509,,
9.5,1423,,,,0.11017751700592955,7.854204119970651,1.5409299425140772,5548,0,12.102778303080205,0.009103489648974974,,
9.55,1423,,,,0.11017751700592955,7.855122818999578,1.5390629906032267,5557,0,12.089528817365139,0.009113466593311142,,
9.6,1423,,,,0.11017751700592955,7.854673573907544,1.540439137154025,5542,0,12.099646582816657,0.009105845881680414,,
9.65,1423,,,,0.11186614662712416,7.854944330433961,1.545119644253082,5552,0,12.136828789467884,0.009217082037459367,,
9.700000000000001,1423,,,,0.11186614662712416,7.855600650681017,1.5439294254027724,5544,0,12.128492998799588,0.009223416844796469,,
9.75,1423,,,,0.11186614662712416,7.855182231706416,1.5474931065654294,5538,0,12.155840354380924,0.00920266664960008,,
9.8,1423,,,,0.11257807716106297,7.854269025085391,1.5491303486951895,5534,0,12.167286513576357,0.009252521261453607,,
9.85,1423,,,,0.11257807716106297,7.854126065296501,1.5504303398600907,5550,0,12.17727534472165,0.009244931560971966,,
9.9,1423,,,,0.11257807716106297,7.854962712375894,1.549925240613018,5571,0,12.174604971985492,0.009246959340373834,,
9.950000000000001,1423,,,,0.11105301970289586,7.85418357147316,1.554196426461513,5567,0,12.206944039556308,0.009097528369347088,,
10,1423,,,,0.11105301970289586,7.8551226935993,1.5489187828485707,5566,0,12.166947081696014,0.009127435087637087,,
10.05,1423,,,,0.11105301970289586,7.85537832389174,1.5455137135604005,5563,0,12.140594924779798,0.009147246934022066,,
10.1,1423,,,,0.11055490011214981,7.854654697883738,1.5501029143984377,5568,0,12.175523138782964,0.00908009445277935,,
10.15,1423,,,,0.11055490011214981,7.854628799924091,1.5495892429301126,5560,0,12.171448295571432,0.00908313435077197,,
10.200000000000001,1423,,,,0.11055490011214981,7.855101640422376,1.5460995711481598,5555,0,12.144769277582242,0.009103087723224238,,
10.25,1423,,,,0.11241208864283365,7.8550938878169365,1.5435728358278358,5568,0,12.12490954811149,0.009271169256709413,,
10.3,1423,,,,0.11241208864283365,7.855129637839015,1.5453076773807777,5554,0,12.138592136173918,0.009260718819922879,,
10.35,1423,,,,0.11241208864283365,7.85370593407539,1.5483269623147704,5544,0,12.160104651820435,0.009244335625516591,,
10.4,1423,,,,0.11308570406286281,7.8536914776168025,1.546498324269042,5546,0,12.145720709460441,0.00931074464562478,,
10.450000000000001,1423,,,,0.11308570406286281,7.8541410324162815,1.5426023048285622,5545,0,12.11581605905394,0.009333725727732209,,
10.5,1423,,,,0.11308570406286281,7.854663668606957,1.5412578415357165,5541,0,12.106061971866172,0.009341246090237091,,
10.55,1423,,,,0.11336255150606674,7.855006509633307,1.5504885940265938,5531,0,12.179097999191088,0.00930795954787424,,
10.6,1423,,,,0.11336255150606674,7.855256639383976,1.5494457979331038,5549,0,12.171294391579616,0.009313927332535278,,
10.65,1423,,,,0.11336255150606674,7.855572489666268,1.5478478725769482,5567,0,12.159231166003934,0.00932316771993099,,
10.700000000000001,1423,,,,0.11182774410572671,7.854999510940553,1.544066968071815,5552,0,12.128645279063571,0.009220134774554203,,
10.75,1423,,,,0.11182774410572671,7.853904616101836,1.5462083878425066,5561,0,12.14377319473164,0.009208648935755914,,
10.8,1423,,,,0.11182774410572671,7.853518676546291,1.5438552251462778,5549,0,12.124695844569873,0.009223138092640033,,
10.85,1423,,,,0.11365922461478542,7.853879944557512,1.543498712105131,5551,0,12.122453579452838,0.009375925745546602,,
10.9,1423,,,,0.11365922461478542,7.852616486794734,1.5506137285185488,5539,0,12.17637492921501,0.009334405787890175,,
10.950000000000001,1423,,,,0.11365922461478542,7.85212061151676,1.5484674042190967,5547,0,12.158752820930623,0.009347934470641375,,
11,1423,,,,0.1119414784881213,7.853329242060698,1.5432677436114697,5559,0,12.119789699232987,0.009236255848169183,,
11.05,1423,,,,0.1119414784881213,7.854457869491075,1.544360736465409,5556,0,12.130116339863765,0.009228392816006457,,
11.1,1423,,,,0.1119414784881213,7.855344227753814,1.5398628878268779,5579,0,12.096153047423183,0.00925430407909463,,
11.15,1423,,,,0.11358891126807799,7.8553575840674394,1.538933519919407,5572,0,12.088873097074513,0.009396153831374598,,
11.200000000000001,1423,,,,0.11358891126807799,7.855410099095144,1.5379781405536477,5561,0,12.081449017492695,0.009401927790583145,,
11.25,1423,,,,0.11358891126807799,7.85535596635468,1.5431828050465612,5561,0,12.122250254798455,0.009370282652192823,,
11.3,1423,,,,0.11184964718799958,7.853170055476428,1.552273619303241,5583,0,12.190268705018228,0.009175322537554544,,
11.35,1423,,,,0.11184964718799958,7.854051146989007,1.5439830637636163,5558,0,12.12652195288423,0.009223555412060812,,
11.4,1423,,,,0.11184964718799958,7.8532673860690245,1.5525423479839613,5559,0,12.19253018691347,0.009173620690154243,,
11.450000000000001,1423,,,,0.1124589576100277,7.853630342531719,1.5479384132441312,5582,0,12.156936090624512,0.009250600379215334,,
11.5,1423,,,,0.1124589576100277,7.85401885176139,1.5494894689417853,5576,0,12.169719499674526,0.009240883293409956,,
11.55,1423,,,,0.1124589576100277,7.855130262461898,1.5440925531247256,5563,0,12.129048142092088,0.009271870001056004,,
11.6,1423,,,,0.11177456996215844,7.8550754594872405,1.5429088457265452,5564,0,12.11966541029237,0.0092225788566107,,
11.65,1423,,,,0.11177456996215844,7.854781212370532,1.5397662919952129,5570,0,12.094527341805437,0.009241747676720126,,
11.700000000000001,1423,,,,0.11177456996215844,7.8558024429609805,1.5308427760418573,5582,0,12.02599841981879,0.009294410830617977,,
11.75,1423,,,,0.11237715424535726,7.855415490462549,1.5332137666446553,5574,0,12.044031172690856,0.009330526684468068,,
11.8,1423,,,,0.11237715424535726,7.8552507862149685,1.5371174241812597,5576,0,12.074442854804568,0.009307026054675559,,
11.85,1423,,,,0.11237715424535726,7.85496305877561,1.5369693444513115,5565,0,12.072837423135617,0.00930826369201368,,
11.9,1423,,,,0.11207430505215563,7.854814608038529,1.5364013216524388,5552,0,12.06814754512528,0.009286786114694637,,
11.950000000000001,1423,,,,0.11207430505215563,7.8552755009467825,1.5412946251313229,5555,0,12.107293908535036,0.009256759264194359,,
12,1423,,,,0.11207430505215563,7.855496796420146,1.5369022306990079,5550,0,12.073130549667033,0.009282953132255042,,
12.05,1423,,,,0.11192639087166101,7.85526348363871,1.5386147817954374,5551,0,12.086224510824442,0.009260657930970879,,
12.1,1423,,,,0.11192639087166101,7.855772199384273,1.5386634496456644,5558,0,12.087389551935113,0.009259765343935848,,
12.15,1423,,,,0.11192639087166101,7.855176619569422,1.5431393647570162,5560,0,12.121632258776524,0.009233607197629844,,
12.200000000000001,1423,,,,0.11164603138667314,7.854491128798367,1.5442522560283227,5557,0,12.129315645601325,0.009204643909746167,,
12.25,1423,,,,0.11164603138667314,7.854090184387075,1.54299973585607,5546,0,12.118859079899009,0.009212585991024126,,
12.3,1423,,,,0.11164603138667314,7.853999808797257,1.5417074241515358,5549,0,12.108569814507474,0.009220414392202473,,
12.35,1423,,,,0.11143898914381975,7.854068415800741,1.5436903005001785,5561,0,12.124249232936407,0.009191413587992534,,
12.4,1423,,,,0.11143898914381975,7.854886954948364,1.5388827844470019,5550,0,12.08775030874737,0.009219167032526829,,
12.450000000000001,1423,,,,0.11143898914381975,7.854446459417436,1.5447183958758857,5551,0,12.132907935284331,0.009184854095837842,,
12.5,1423,,,,0.11143351157243271,7.854787727056463,1.5425060086243785,5559,0,12.11605726545362,0.009197176039284813,,
12.55,1423,,,,0.11143351157243271,7.854990908929564,1.5419290872062805,5568,0,12.111838962219394,0.00920037922565092,,
12.6,1423,,,,0.11143351157243271,7.854070068311743,1.5409890892523255,5559,0,12.103036281491663,0.00920707076974067,,
12.65,1423,,,,0.11144780298641006,7.853393202221289,1.544692481694772,5570,0,12.131077435264055,0.009186966580762262,,
12.700000000000001,1423,,,,0.11144780298641006,7.8539135864753336,1.5412122889565971,5556,0,12.104548135878966,0.009207101474202806,,
12.75,1423,,,,0.11144780298641006,7.853974969439682,1.5364648475352254,5545,0,12.067356453965617,0.009235477829097002,,
12.8,1423,,,,0.11145451868494158,7.85384957813512,1.540060629544546,5559,0,12.09540452565094,0.009214616877722279,,
12.85,1423,,,,0.11145451868494158,7.853522219804615,1.5434480023929371,5559,0,12.121503181905979,0.009194777001858324,,
12.9,1423,,,,0.11145451868494158,7.854118180995391,1.539199057654874,5560,0,12.089051302898119,0.009219459483824218,,
12.950000000000001,1423,,,,0.1110216203283256,7.853125703992927,1.549010554277069,5541,0,12.164574599549582,0.009126634015827927,,
13,1423,,,,0.1110216203283256,7.853408502534367,1.547876960933991,5546,0,12.156110085876062,0.009132989051927012,,
13.05,1423,,,,0.1110216203283256,7.853793324260012,1.5466526126074434,5548,0,12.147089963845646,0.009139770978791473,,
13.1,1423,,,,0.11081185865823939,7.853456697165726,1.5496594683132014,5195,0,12.17018352975059,0.009105192077617775,,
13.15,1423,,,,0.11081185865823939,7.853654964841233,1.5497805508700846,5548,0,12.171441717755222,0.009104250854407116,,
13.200000000000001,1423,,,,0.11081185865823939,7.854250375335485,1.5407461794161503,5555,0,12.101406257976013,0.009156940631193463,,
13.25,1423,,,,0.11089643517873335,7.854164630716387,1.5409617378259501,5553,0,12.102967178519835,0.009162747741359712,,
13.3,1423,,,,0.11089643517873335,7.854684441556835,1.539568454203904,5560,0,12.092824383947113,0.009170432949141747,,
13.35,1423,,,,0.11089643517873335,7.854566735626379,1.540692961904111,5560,0,12.10147568838571,0.0091638770373406,,
13.4,1423,,,,0.11125853346760728,7.854871320733201,1.5418955697668366,5554,0,12.111391290527104,0.009186271898805538,,
13.450000000000001,1423,,,,0.11125853346760728,7.854491000705913,1.548110010745604,5546,0,12.159616147504082,0.009149839280941818,,
13.5,1423,,,,0.11125853346760728,7.854546999234363,1.5477515052650204,5541,0,12.156886941239835,0.009151893408680532,,
13.55,1423,,,,0.11109503990568466,7.854146476821242,1.5475269623935817,5551,0,12.154503439469428,0.009140236823244028,,
13.6,1423,,,,0.11109503990568466,7.854353932553147,1.546475032870953,5569,0,12.146562256025227,0.009146212530263586,,
13.65,1423,,,,0.11109503990568466,7.854442445602541,1.5421684507302331,5567,0,12.112873337684654,0.009171650425836963,,
13.700000000000001,1423,,,,0.11080085001525378,7.85446951452927,1.5432685104392487,5567,0,12.121555467978075,0.009140811202651354,,
13.75,1423,,,,0.11080085001525378,7.85538449025011,1.5392030189514245,5512,0,12.091031522417166,0.009163887283713172,,
13.8,1423,,,,0.11080085001525378,7.856929528482011,1.5366378220366423,5568,0,12.073255078541981,0.009177380026715592,,
13.85,1423,,,,0.11069789098459815,7.855444224025449,1.5390635689701637,5586,0,12.090028023274666,0.00915613187756821,,
13.9,1423,,,,0.11069789098459815,7.855717218025539,1.53906034961445,5585,0,12.090422888046641,0.009155832844692397,,
13.950000000000001,1423,,,,0.11069789098459815,7.855496463079776,1.5397464260323173,5580,0,12.095472603736594,0.009152010393574932,,
14,1423,,,,0.11112978498604927,7.855541904605532,1.5382035691085514,5566,0,12.083422594946017,0.009196879784087841,,
14.05,1423,,,,0.11112978498604927,7.85540463239049,1.5415892345933087,5563,0,12.109807214667587,0.009176841795751062,,
14.1,1423,,,,0.11112978498604927,7.854832166339426,1.5436947671276535,5559,0,12.125463311844142,0.009164992885467543,,
14.15,1423,,,,0.11187772826728451,7.85489169608079,1.5422459126385526,5558,0,12.114174612499106,0.00923527453136195,,
14.200000000000001,1423,,,,0.11187772826728451,7.854183678123773,1.5419857315825354,5569,0,12.111039164895296,0.009237665467350649,,
14.25,1423,,,,0.11187772826728451,7.854175337073183,1.544781819777229,5560,0,12.132987270053343,0.009220954887459684,,
14.3,1423,,,,0.11164169184343853,7.853945391926077,1.5453509662359164,5558,0,12.137102100177087,0.00919838120516508,,
14.35,1423,,,,0.11164169184343853,7.854038472636474,1.544172341943875,5567,0,12.12798898200836,0.0092052929804815,,
14.4,1423,,,,0.11164169184343853,7.854071588126862,1.544889860476927,5563,0,12.133675559957105,0.009200978820619892,,
14.450000000000001,1423,,,,0.10998100673361869,7.854459508940464,1.5461034142090402,5565,0,12.143806663539513,0.009056551193607598,,
14.5,1423,,,,0.10998100673361869,7.8545228062179095,1.5427757386339924,5577,0,12.117767223980374,0.009076012494774821,,
14.55,1423,,,,0.10998100673361869,7.854028639997606,1.5443487673253413,5571,0,12.12935944871823,0.009067338403038335,,
14.6,1423,,,,0.10938670234510002,7.854200499099396,1.5434897335506172,5509,0,12.122877835608051,0.009023162967443488,,
14.65,1423,,,,0.10938670234510002,7.853428502861168,1.549918659770812,5573,0,12.172175379760475,0.008986618984063024,,
14.700000000000001,1423,,,,0.10938670234510002,7.855398558378072,1.5408392971684397,5575,0,12.103906793669243,0.009037305409713913,,
14.75,1423,,,,0.11035819047818878,7.855735138165905,1.5376721716134572,5547,0,12.07954530952371,0.009135955671376188,,
14.8,1423,,,,0.11035819047818878,7.855225689181143,1.5411912269241035,5536,0,12.106404917674823,0.00911568638490446,,
14.85,1423,,,,0.11035819047818878,7.85535649338015,1.5413267820261565,5551,0,12.107671345609898,0.009114732910073859,,
14.9,1423,,,,0.1108115868010195,7.8548365795392225,1.5467202284362833,5562,0,12.14923462863458,0.009120869765725589,,
14.950000000000001,1423,,,,0.1108115868010195,7.855731871817001,1.5380583534597454,5573,0,12.0825740279881,0.009171190389095512,,
15,1423,,,,0.1108115868010195,7.855289850551219,1.5404552284697168,5581,0,12.100722321426726,0.009157435718098053,,
15.05,1423,,,,0.1121406598785375,7.8551034362924685,1.5379354213825969,5578,0,12.080641813298342,0.009282674017790456,,
15.1,1423,,,,0.1121406598785375,7.854873045129649,1.537560627039976,5558,0,12.077343524588949,0.009285209090080444,,
15.15,1423,,,,0.1121406598785375,7.853885377539646,1.540576620235648,5548,0,12.099512190648204,0.009268196776165223,,
15.200000000000001,1423,,,,0.11262771645361921,7.854347247599316,1.5392595093768797,5550,0,12.089878690815368,0.009315868201322982,,
15.25,1423,,,,0.11262771645361921,7.855749120726948,1.5375229050684673,5564,0,12.078394209589154,0.009324725994139435,,
15.3,1423,,,,0.11262771645361921,7.855900729866351,1.5425889878438348,5551,0,12.118425955486178,0.009293922896201805,,
15.35,1423,,,,0.1113723861132754,7.8557884362419275,1.5422721530975094,5544,0,12.115763745841354,0.009192353734324272,,
15.4,1423,,,,0.1113723861132754,7.855041791054624,1.541377683010766,5540,0,12.107586115848514,0.009198562376318088,,
15.450000000000001,1423,,,,0.1113723861132754,7.854645240567243,1.5434915887137826,5547,0,12.123578861146285,0.009186428148721188,,
15.5,1423,,,,0.11091825868787122,7.855408606749681,1.5412965983873135,5557,0,12.10751456452571,0.009161108838378363,,
15.55,1423,,,,0.11091825868787122,7.8556904076702985,1.540905887098457,5570,0,12.104879596402041,0.009163103011849841,,
15.6,1423,,,,0.11091825868787122,7.856421502717085,1.5364084876166122,5563,0,12.070672679068188,0.009189070206519236,,
15.65,1423,,,,0.11119865406769565,7.856597471704237,1.5355362933546544,5557,0,12.064090560080274,0.009217325874164836,,
15.700000000000001,1423,,,,0.11119865406769565,7.855317152921164,1.5398976178032784,5563,0,12.09638417087253,0.009192718460071421,,
15.75,1423,,,,0.11119865406769565,7.8551508825427065,1.536285838046873,5560,0,12.067757056571756,0.009214525412337502,,
15.8,1423,,,,0.11129574061757364,7.854010174471886,1.5403039650601862,5556,0,12.097563013362091,0.00919984797720371,,
15.85,1423,,,,0.11129574061757364,7.8546151254229795,1.5416505871314907,5565,0,12.109072019800223,0.009191104028086358,,
15.9,1423,,,,0.11129574061757364,7.854318990249906,1.5427584616154773,5572,0,12.117317082435173,0.009184850067091497,,
15.950000000000001,1423,,,,0.11107683175967402,7.853510971113572,1.5513546079364051,5566,0,12.183580433516152,0.009116928506016971,,
16,1423,,,,0.11107683175967402,7.853909480796984,1.5462047415492446,5571,0,12.143752078906862,0.009146829664993686,,
16.05,1423,,,,0.11107683175967402,7.854394148506054,1.5469239049988173,5554,0,12.150150067606845,0.009142013155525763,,
16.1,1423,,,,0.11087242926453358,7.854756615358479,1.5476359080515187,5561,0,12.156303386933994,0.009120571092664816,,
16.15,1423,,,,0.11087242926453358,7.854489792158018,1.544750933622157,5558,0,12.133230439561801,0.009137915068605406,,
16.2,1423,,,,0.11087242926453358,7.855440661396576,1.5407680762725353,5557,0,12.103412196133055,0.00916042744540721,,
16.25,1423,,,,0.1108935366110498,7.855208378538492,1.5444910265026823,5550,0,12.132298851961387,0.009140356495020069,,
16.3,1423,,,,0.1108935366110498,7.854284607666434,1.5451194176578358,5560,0,12.135807659116464,0.009137713757991718,,
16.35,1423,,,,0.1108935366110498,7.8553254905552885,1.539920065098931,5554,0,12.096573340789194,0.009167351239637503,,
16.4,1423,,,,0.11170721436530535,7.85602061018081,1.5377502938538459,5567,0,12.08059800182741,0.009246828207379106,,
16.45,1423,,,,0.11170721436530535,7.856024020215976,1.5351492943500904,5570,0,12.060169731031916,0.009262491064107706,,
16.5,1423,,,,0.11170721436530535,7.856445672953616,1.5353468692570935,5575,0,12.062369267457774,0.00926080207697442,,
16.55,1423,,,,0.11276609315400683,7.856928180759372,1.5339467131574174,5571,0,12.052109158389726,0.009356544292125664,,
16.6,1423,,,,0.11276609315400683,7.856351308594706,1.534811886468311,5559,0,12.058021372702024,0.009351956649313653,,
16.65,1423,,,,0.11276609315400683,7.856595740516841,1.5373328302375917,5558,0,12.078202565801362,0.009336330678316046,,
16.7,1423,,,,0.11326554543105911,7.855898987489575,1.540265209950574,5570,0,12.100167903316132,0.00936065898722099,,
16.75,1423,,,,0.11326554543105911,7.856373166244719,1.5360321816724327,5563,0,12.067642014579633,0.009385888750612283,,
16.8,1423,,,,0.11326554543105911,7.85621953229345,1.5360018447544956,5568,0,12.06716769439904,0.009386257678645767,,
16.85,1423,,,,0.11195832385723078,7.856642259696424,1.5339385357608732,5546,0,12.051606323835731,0.009289908817864305,,
16.9,1423,,,,0.11195832385723078,7.8555483775529735,1.5353038177386689,5544,0,12.060653414487886,0.009282940153370181,,
16.95,1423,,,,0.11195832385723078,7.855324955435366,1.535951044942466,5561,0,12.06539457366358,0.009279292374044205,,
17,1423,,,,0.11137756348788044,7.854256389438615,1.5422839030819255,5565,0,12.11349320010954,0.009194504149048705,,
17.05,1423,,,,0.11137756348788044,7.8540311687127735,1.5460131908473895,5562,0,12.142435788156487,0.0091725882212625,,
17.1,1423,,,,0.11137756348788044,7.854487405456584,1.5436179756715527,5561,0,12.124327948748597,0.009186287599501644,,
17.150000000000002,1423,,,,0.11234867788149708,7.8551657660121235,1.5449789619103336,5555,0,12.136065850807,0.00925742157818189,,
17.2,1423,,,,0.11234867788149708,7.855087892582136,1.5435843118120887,5562,0,12.124990438894867,0.009265877647301229,,
17.25,1423,,,,0.11234867788149708,7.855022316100967,1.542915507935863,5561,0,12.119635746694462,0.009269971493337935,,
17.3,1423,,,,0.11270426209479048,7.854577210757856,1.5465619202890872,5577,0,12.147590014128573,0.009277911253483763,,
17.35,1423,,,,0.11270426209479048,7.85436122061388,1.5465270926002883,5571,0,12.146982422748435,0.009278375334084783,,
17.400000000000002,1423,,,,0.11156791275278599,7.854435944494453,1.548584876140659,5547,0,12.163260714259684,0.009172533202547288,,
17.45,1423,,,,0.11156791275278599,7.855058906536425,1.5465173725773482,5558,0,12.14798506157701,0.009184067331928595,,
17.5,1423,,,,0.11156791275278599,7.854956592185037,1.547280982855692,5566,0,12.15382495624486,0.00917965440134633,,
17.55,1423,,,,0.11156791275278599,7.855701137003418,1.5405431146997701,5591,0,12.102046297749771,0.009218929593215214,,
17.6,1423,,,,0.1108092370417926,7.855817115883499,1.5387191052312568,5566,0,12.08789588341265,0.009166958262260362,,
17.650000000000002,1423,,,,0.1108092370417926,7.855631181819277,1.53665593976632,5564,0,12.071402316156108,0.009179483388892429,,
17.7,1423,,,,0.1108092370417926,7.8561049734569455,1.534139786395099,5574,0,12.052363205876713,0.009193984212802531,,
17.75,1423,,,,0.10995355573093002,7.855705302842145,1.5375050620696749,5560,0,12.078186669247385,0.00910348206580429,,
17.8,1423,,,,0.10995355573093002,7.8565253536258215,1.535479540025935,5577,0,12.063533936187472,0.00911453943036525,,
17.85,1423,,,,0.10995355573093002,7.856526057075667,1.5317247935838025,5557,0,12.034035753059992,0.009136881258057691,,
17.900000000000002,1423,,,,0.10955112916181871,7.855459918999104,1.5374811827550967,5558,0,12.077621807347999,0.009070587811846206,,
17.95,1423,,,,0.10955112916181871,7.855513142325618,1.5358521260700415,5547,0,12.064906561011954,0.009080147335399672,,
18,1423,,,,0.10955112916181871,7.85435145249827,1.5405873685095233,5542,0,12.100314635553262,0.009053576907821432,,
18.05,1423,,,,0.11104104360880565,7.854523252116763,1.5395431312407748,5556,0,12.092377321967316,0.009182730628747889,,
18.1,1423,,,,0.11104104360880565,7.854762637634504,1.5350239899450506,5566,0,12.057249084093026,0.009209484089973779,,
18.150000000000002,1423,,,,0.11170016694042988,7.8552299125873395,1.5342357843565002,5555,0,12.051774826239079,0.009268358275101248,,
18.2,1423,,,,0.11170016694042988,7.85569574886477,1.539552787621807,5554,0,12.094258288873535,0.00923580134245948,,
18.25,1423,,,,0.11170016694042988,7.855765374657304,1.5381913384464827,5545,0,12.083670256165654,0.00924389399681237,,
18.3,1423,,,,0.11170016694042988,7.855154520528421,1.5387701935692482,5565,0,12.087277642069873,0.00924113520414692,,
18.35,1423,,,,0.11199035620432254,7.855244349434674,1.5398218428846733,5556,0,12.095676830455917,0.009258709353274061,,
18.400000000000002,1423,,,,0.11199035620432254,7.854745946791371,1.5408079756868718,5572,0,12.102655201810274,0.009253370796482032,,
18.45,1423,,,,0.11199035620432254,7.855437551509131,1.5377309253354812,5587,0,12.079549254997223,0.00927107078585676,,
18.5,1423,,,,0.11140797044615518,7.855178660088091,1.5349992461922863,5566,0,12.057693321940954,0.009239575719132786,,
18.55,1423,,,,0.11140797044615518,7.854353930849509,1.5385767944709459,5576,0,12.08452669356671,0.009219059485835226,,
18.6,1423,,,,0.11140797044615518,7.854727725101268,1.538672933690753,5586,0,12.085856952123663,0.009218044768151848,,
18.650000000000002,1423,,,,0.11168452641708279,7.855935820045602,1.5377144420567448,5584,0,12.080185966355018,0.009245265489135646,,
18.7,1423,,,,0.11168452641708279,7.856585813062493,1.5336140264622968,5584,0,12.048970203017328,0.009269217579201459,,
18.75,1423,,,,0.11168452641708279,7.85615913028928,1.5367865490910735,5573,0,12.07323967894759,0.009250584713548749,,
18.8,1423,,,,0.11142118571628665,7.856526618718978,1.5397143651486913,5572,0,12.096806895014685,0.009210793119480592,,
18.85,1423,,,,0.11142118571628665,7.856064907537121,1.5394528110892993,5557,0,12.094041206008017,0.009212899461673356,,
18.900000000000002,1423,,,,0.11142118571628665,7.855649907723297,1.5404025066533265,5543,0,12.100862809247939,0.009207705886156676,,
18.95,1423,,,,0.11164154579984661,7.854809419454932,1.5430577906540053,5548,0,12.120424868792396,0.009211025769179152,,
19,1423,,,,0.11164154579984661,7.85550066329296,1.5419947842579314,5560,0,12.113141050532464,0.009216564500826904,,
19.05,1423,,,,0.11164154579984661,7.856188874400173,1.5399258432180412,5574,0,12.09794827689088,0.009228138792186836,,
19.1,1423,,,,0.11153225268303228,7.855830348432127,1.5412626241564522,5575,0,12.107897697752396,0.009211529157843491,,
19.150000000000002,1423,,,,0.11153225268303228,7.8554339323427875,1.543489857279548,5569,0,12.124782599100687,0.009198701236202355,,
19.2,1423,,,,0.11153225268303228,7.854926295646732,1.5422601456691372,5547,0,12.114339772944465,0.009206630718095146,,
19.25,1423,,,,0.11149298341543176,7.8536186585867656,1.547329121318083,5575,0,12.152132858158362,0.009174766661687763,,
19.3,1423,,,,0.11149298341543176,7.854766050537471,1.539577035699963,5574,0,12.093017432203185,0.009219616529992815,,
19.35,1423,,,,0.11147607460072932,7.854842255676292,1.5412835889309222,5579,0,12.106539462315016,0.009207922292553518,,
19.400000000000002,1423,,,,0.11147607460072932,7.854510738884287,1.5422601298483216,5570,0,12.113698752046718,0.009202480339202297,,
19.45,1423,,,,0.11147607460072932,7.855010015633685,1.538958466846855,5561,0,12.088534170726305,0.009221637050973534,,
19.5,1423,,,,0.11147607460072932,7.855708728895494,1.5374281593134502,5551,0,12.077587811168403,0.009229994957904178,,
19.55,1423,,,,0.1099944013904792,7.855972486775109,1.535070517714105,5554,0,12.059471752421631,0.009120996644682343,,
19.6,1423,,,,0.1099944013904792,7.85588506915753,1.539364201329466,5548,0,12.093068245219758,0.00909565704584183,,
19.650000000000002,1423,,,,0.1099944013904792,7.855960156987471,1.5413359503504471,5555,0,12.108673814485531,0.009083934630305556,,
19.7,1423,,,,0.11076414777670582,7.856582379781484,1.5332588245879644,5575,0,12.04617426490227,0.009194964753202037,,
19.75,1423,,,,0.11076414777670582,7.857219316341233,1.5314298657946805,5587,0,12.032780323143825,0.00920519986255066,,
19.8,1423,,,,0.11076414777670582,7.857559645182996,1.530802984771063,5245,0,12.028375757862785,0.00920857063384479,,
19.85,1423,,,,0.11102435719269747,7.8564741385870285,1.5354041740150466,5551,0,12.06286318542779,0.009203814673685215,,
19.900000000000002,1423,,,,0.11102435719269747,7.855779002011308,1.536904009428845,5567,0,12.07357824537811,0.009195646471682804,,
19.95,1423,,,,0.11102435719269747,7.855521142938969,1.5395821312227276,5520,0,12.094219983111174,0.009179951856980945,,
20,1423,,,,0.11120459995176726,7.855871669443123,1.5387397926964266,5570,0,12.088142344088642,0.009199478032797047,,
20.05,1423,,,,0.11120459995176726,7.855144246823037,1.544199969241403,5563,0,12.129913504330917,0.009167798262705031,,
20.1,1423,,,,0.11167401549622272,7.855956673596269,1.5407771191341102,5579,0,12.104278291586047,0.00922599537172322,,
20.150000000000002,1423,,,,0.11167401549622272,7.854974532985326,1.5459057572296002,5580,0,12.143050353433907,0.009196537298772105,,
20.2,1423,,,,0.11167401549622272,7.855395141107947,1.5421446644458512,5573,0,12.114155703973486,0.009218472853175666,,
20.25,1423,,,,0.11167401549622272,7.8554652963629685,1.5445422053767597,5564,0,12.13309769310506,0.009204081127582472,,
20.3,1423,,,,0.11190194410007401,7.85542977570569,1.5429582032607083,5563,0,12.12059981256352,0.009232376766047738,,
20.35,1423,,,,0.11190194410007401,7.855678313465569,1.54145421546118,5562,0,12.109168451598476,0.009241092362977437,,
20.400000000000002,1423,,,,0.11190194410007401,7.855081434179477,1.5419349331542853,5554,0,12.112024466132999,0.009238913314035015,,
20.45,1423,,,,0.11182339075564615,7.854544064790297,1.544540650908678,5561,0,12.1316626024221,0.009217482749093309,,
20.5,1423,,,,0.11182339075564615,7.855586398167111,1.538644587925678,5568,0,12.086955496522394,0.009251576278891694,,
20.55,1423,,,,0.11178964606916333,7.85609094475251,1.5398606850346528,5551,0,12.097285583881133,0.009240886750505085,,
20.6,1423,,,,0.11178964606916333,7.8551260796762925,1.5422850495382718,5546,0,12.114843514922923,0.009227494018512262,,
20.650000000000002,1423,,,,0.11178964606916333,7.85487192101955,1.541527552926775,5545,0,12.108501490962501,0.009232327068101736,,
20.7,1423,,,,0.11178964606916333,7.8547512602653535,1.5414050687186485,5560,0,12.107353406097207,0.00923320252738857,,
20.75,1423,,,,0.11177413889794767,7.854812475310286,1.539426148728377,5557,0,12.091903717850522,0.009243717243046063,,
20.8,1423,,,,0.11177413889794767,7.855478942305914,1.5401730798454736,5558,0,12.098797196232562,0.009238450490992027,,
20.85,1423,,,,0.11177413889794767,7.854987194982533,1.5411443498545974,5580,0,12.105669133727543,0.009233206166731777,,
20.900000000000002,1423,,,,0.11037949778477456,7.855366337749624,1.5384029333732097,5573,0,12.084718616715188,0.009133807851520948,,
20.95,1423,,,,0.11037949778477456,7.854787229040115,1.5412258483434744,5572,0,12.106001110634839,0.009117750508696778,,
21,1423,,,,0.11263242528954256,7.856178073543116,1.5354055397304716,5572,0,12.062419335227165,0.009337465574638921,,
21.05,1423,,,,0.11263242528954256,7.856051562075072,1.5354596779264,5561,0,12.062650401276981,0.009337286710855769,,
21.1,1423,,,,0.11263242528954256,7.855714744927765,1.5380607919587508,5555,0,12.082566841985633,0.009321895484836622,,
21.150000000000002,1423,,,,0.11263242528954256,7.856108570179087,1.5362915149017227,5560,0,12.069272936512835,0.00933216324479653,,
21.2,1423,,,,0.11051414422311094,7.856241771212611,1.5364343627060144,5558,0,12.070599819017417,0.009155646436807075,,
21.25,1423,,,,0.11051414422311094,7.8561265462569,1.5377319493274402,5559,0,12.080616788138673,0.00914805478571417,,
21.3,1423,,,,0.11051414422311094,7.855788746049955,1.5337049505421445,5579,0,12.048462090230082,0.009172468933833906,,
21.35,1423,,,,0.11232200300655029,7.856574310338804,1.5282301340173723,5560,0,12.006653611206515,0.009354979883963136,,
21.400000000000002,1423,,,,0.11232200300655029,7.856266632864822,1.530266400543678,5559,0,12.02218086198545,0.009342897457292157,,
21.45,1423,,,,0.11232200300655029,7.856275217538867,1.5305226797600335,5561,0,12.024207398879927,0.009341322823241826,,
21.5,1423,,,,0.1109931696235067,7.854639338522834,1.538632221532851,5559,0,12.08540117477071,0.009184069938465447,,
21.55,1423,,,,0.1109931696235067,7.8554109858771035,1.5413937632647186,5560,0,12.108281501512122,0.009166715326997105,,
21.6,1423,,,,0.1109931696235067,7.855495162844006,1.5391179615072836,5550,0,12.090533701666795,0.00918017122835572,,
21.650000000000002,1423,,,,0.11051420405327708,7.855987397135594,1.53900531012902,5544,0,12.090406320498337,0.009140652607010313,,
21.7,1423,,,,0.11051420405327708,7.855829621670642,1.5435797767798873,5556,0,12.126099733839196,0.009113746916073535,,
21.75,1423,,,,0.10997830592251454,7.855720502199776,1.5413953347836364,5547,0,12.1087709334549,0.009082532531741872,,
21.8,1423,,,,0.10997830592251454,7.85551006028043,1.5405635618350186,5555,0,12.10191255849644,0.009087679768872698,,
21.85,1423,,,,0.10997830592251454,7.8562820052864435,1.5356352200815195,5576,0,12.06438334621053,0.009115949217334772,,
21.900000000000002,1423,,,,0.10997830592251454,7.856596859186498,1.532691826034113,5573,0,12.04174178652043,0.00913308953739771,,
21.95,1423,,,,0.1097232081939182,7.858233632597816,1.5281056109761726,5573,0,12.008210906334394,0.00913734852342064,,
22,1423,,,,0.1097232081939182,7.857781412430549,1.5334055001614177,5580,0,12.049165236887157,0.009106291268876703,,
22.05,1423,,,,0.1097232081939182,7.857178976261508,1.5303543913513324,5577,0,12.024268349955166,0.00912514632911759,,
22.1,1423,,,,0.11111276324780266,7.856034322755066,1.5338948639586023,5578,0,12.050330698756493,0.00922072315071558,,
22.150000000000002,1423,,,,0.11111276324780266,7.85692749793557,1.5311183160648587,5584,0,12.029885600082794,0.009236394005861364,,
22.2,1423,,,,0.11230122306470977,7.858025428712161,1.5293552890472217,5574,0,12.017712750868506,0.00934464197911486,,
22.25,1423,,,,0.11230122306470977,7.857823804362807,1.5252562065969828,5574,0,11.985194527949888,0.00936999585637258,,
22.3,1423,,,,0.11230122306470977,7.858689668397892,1.5214619324857013,5573,0,11.956697169686072,0.00939232812129993,,
22.35,1423,,,,0.11230122306470977,7.857157784591713,1.529233802650066,5569,0,12.015431276952754,0.009346416327154144,,
22.400000000000002,1423,,,,0.11221431447730508,7.8552967917239584,1.531896122907484,5570,0,12.03349869952953,0.009325161142178235,,
22.45,1423,,,,0.11221431447730508,7.854735620429211,1.5345331580442791,5576,0,12.053352257220128,0.009309801296986664,,
22.5,1423,,,,0.11221431447730508,7.855230157243472,1.535739023448119,5570,0,12.063583490645303,0.009301905570954234,,
22.55,1423,,,,0.11146056099304932,7.8558170011687425,1.534852413367903,5572,0,12.057519683220447,0.009244070415921502,,
22.6,1423,,,,0.11146056099304932,7.8569626310302825,1.5315586176942495,5573,0,12.033398826456112,0.009262600085023106,,
22.650000000000002,1423,,,,0.111133529046555,7.855951447850755,1.5366986503299431,5569,0,12.072229986969818,0.009205716687514003,,
22.7,1423,,,,0.111133529046555,7.8562634902670965,1.5376341496921493,5555,0,12.080059031614324,0.009199750494241056,,
22.75,1423,,,,0.111133529046555,7.856303874065857,1.5397387051858538,5565,0,12.096655154600768,0.009187128807609858,,
22.8,1423,,,,0.111133529046555,7.855656019190892,1.5439641731620368,5566,0,12.128851450315443,0.00916274137759884,,
22.85,1423,,,,0.11249722684630079,7.855861538423783,1.5407193233688299,5561,0,12.103677673959506,0.009294466514779495,,
22.900000000000002,1423,,,,0.11249722684630079,7.856229533702425,1.5378300440532693,5556,0,12.081545809906196,0.009311492802026982,,
22.95,1423,,,,0.11299371999022545,7.856754862974071,1.5319001573148419,5566,0,12.035764010574129,0.009388163467724508,,
23,1423,,,,0.11299371999022545,7.855963088245394,1.5322447105614947,5555,0,12.03725788833035,0.009386998354481417,,
23.05,1423,,,,0.11299371999022545,7.856077275259629,1.5302492103864531,5560,0,12.021756047201006,0.009399102722312643,,
23.1,1423,,,,0.11212908150492865,7.8541446926868055,1.5447809830965644,5568,0,12.132933359751387,0.009241712468057786,,
23.150000000000002,1423,,,,0.11212908150492865,7.85454270463034,1.5439976676828924,5568,0,12.127395616664923,0.009245932519167256,,
23.2,1423,,,,0.11212908150492865,7.853857338421897,1.5477531896306764,5580,0,12.155832746446787,0.009224302756033276,,
23.25,1423,,,,0.11212908150492865,7.85395422726606,1.5410261514932306,5566,0,12.103148856847806,0.00926445529433338,,
23.3,1423,,,,0.11171935894212573,7.854363586313284,1.5385351119910737,5572,0,12.08421415988712,0.009245066122129147,,
23.35,1423,,,,0.11171935894212573,7.855839556679271,1.533720333266701,5573,0,12.048660862959865,0.00927234654645934,,
23.400000000000002,1423,,,,0.1110105262781352,7.855631021064606,1.5361781349793542,5582,0,12.067648611024985,0.009199018786204641,,
23.45,1423,,,,0.1110105262781352,7.856501032667683,1.536585454076723,5584,0,12.072185206735915,0.009195561895140134,,
23.5,1423,,,,0.1110105262781352,7.856404011821067,1.535254822833572,5576,0,12.061582149277317,0.00920364550058522,,
23.55,1423,,,,0.1110105262781352,7.856299498413875,1.537731551907684,5563,0,12.080879619947527,0.009188943998319335,,
23.6,1423,,,,0.11051768345003991,7.855010732949014,1.5421714539283187,5561,0,12.113773322654529,0.009123307866703735,,
23.650000000000002,1423,,,,0.11051768345003991,7.855489506202015,1.5407654774659965,5560,0,12.103467039752472,0.009131076499572979,,
23.7,1423,,,,0.11051768345003991,7.8558051226082934,1.5388002353767867,5575,0,12.088514771743808,0.009142370716075765,,
23.75,1423,,,,0.11033708931039635,7.855423702307097,1.5426150097876292,5560,0,12.117894511420436,0.009105302014835153,,
23.8,1423,,,,0.11033708931039635,7.8551243405669835,1.542708445513475,5561,0,12.118166660751152,0.009105097528305246,,
23.85,1423,,,,0.11033708931039635,7.854610915320281,1.5426359606056153,5571,0,12.116805254538452,0.009106120548489352,,
23.900000000000002,1423,,,,0.11119321684756747,7.854719135702891,1.5400798386533006,5574,0,12.0968945791803,0.009191881116244468,,
23.95,1423,,,,0.11119321684756747,7.853956130470097,1.5463223131338912,5576,0,12.144747610920627,0.009155663041328409,,
24,1423,,,,0.11119321684756747,7.855703863723306,1.5404858660573202,5573,0,12.101600769997633,0.009188306486133505,,
24.05,1423,,,,0.11156125711486417,7.856860968110872,1.5314991896116907,5568,0,12.032776205553525,0.009271447852855018,,
24.1,1423,,,,0.11156125711486417,7.856028978771838,1.5387336743338293,5563,0,12.088336336178632,0.009228834639633376,,
24.150000000000002,1423,,,,0.11122993746929825,7.856184198707921,1.5394480656587737,5585,0,12.094187568159931,0.009196974732071343,,
24.2,1423,,,,0.11122993746929825,7.856348916814044,1.5410304272216506,5579,0,12.106872727680297,0.009187338462309097,,
24.25,1423,,,,0.11122993746929825,7.856388718105851,1.538295590605696,5585,0,12.085448123146568,0.00920362541263703,,
24.3,1423,,,,0.11122993746929825,7.857177477576821,1.5355943991729077,5583,0,12.065437727874482,0.00921888952377803,,
24.35,1423,,,,0.11106999486054248,7.855853493292575,1.540297108859805,5584,0,12.100348423344753,0.009179074103871195,,
24.400000000000002,1423,,,,0.11106999486054248,7.855961607283322,1.540042396022593,5579,0,12.098513936742108,0.00918046591848217,,
24.45,1423,,,,0.11106999486054248,7.85621142207833,1.5370096689073982,5587,0,12.075072916715133,0.009198287714419669,,
24.5,1423,,,,0.11198145171181768,7.856249230738573,1.5362642983566892,5581,0,12.069275212175873,0.009278225058522752,,
24.55,1423,,,,0.11198145171181768,7.855371095804298,1.5347764717116237,5564,0,12.05623873440399,0.009288257654708226,,
24.6,1423,,,,0.11236934468524344,7.855793458877855,1.53820104096689,5557,0,12.083789676066802,0.009299180778344941,,
24.650000000000002,1423,,,,0.11236934468524344,7.8549509308313965,1.540961385080439,5556,0,12.104176066112831,0.009283518685739841,,
24.7,1423,,,,0.11236934468524344,7.854550369647111,1.5473706597642451,5576,0,12.153900787632345,0.009245537432689022,,
24.75,1423,,,,0.11237781061205673,7.855627009543488,1.5391577678706658,5562,0,12.09104933323347,0.009294297584509476,,
24.8,1423,,,,0.11237781061205673,7.855945311928061,1.535901959135208,5563,0,12.065961795449363,0.009313622280358922,,
24.85,1423,,,,0.11237781061205673,7.856493623352486,1.5302170294634319,5575,0,12.022140334324835,0.009347571022041966,,
24.900000000000002,1423,,,,0.1123811509106378,7.855780152180359,1.5333369645907666,5568,0,12.045558093036624,0.009329675723003972,,
24.95,1423,,,,0.1123811509106378,7.855878534035568,1.529190176565878,5578,0,12.01313228254194,0.009354858355630985,,
25,1423,,,,0.1123811509106378,7.856737979019886,1.5288007856612174,5575,0,12.011387195059926,0.009356217486424732,,
25.05,1423,,,,0.1123811509106378,7.856858029967494,1.5313295244125642,5573,0,12.031438670407159,0.009340624507944624,,
25.1,1423,,,,0.11275793664079733,7.8568751727666335,1.5305478973987623,5573,0,12.025323775802509,0.00937670691808649,,
25.150000000000002,1423,,,,0.11275793664079733,7.855456444189835,1.539225186707601,5580,0,12.091316411981527,0.009325530223414156,,
25.2,1423,,,,0.11275793664079733,7.855814571336275,1.5337110044278488,5589,0,12.048549256803089,0.00935863183504269,,
25.25,1423,,,,0.11289155829723943,7.856317289959943,1.5345648404735353,5568,0,12.056028288776856,0.009363909539125082,,
25.3,1423,,,,0.11289155829723943,7.855959529773545,1.532346972787018,5587,0,12.038055803785818,0.009377889597565784,,
25.35,1423,,,,0.11124666162714289,7.856516646185838,1.5321478370595814,5575,0,12.037344986276228,0.009241793913356737,,
25.400000000000002,1423,,,,0.11124666162714289,7.856496896599009,1.5286447588622463,5573,0,12.00979280400358,0.00926299591030894,,
25.45,1423,,,,0.11124666162714289,7.85714386467857,1.5259002259301413,5567,0,11.989217598278653,0.009278892531161924,,
25.5,1423,,,,0.11124666162714289,7.855172218321913,1.5318088992441425,5574,0,12.03262270912086,0.009245420912501204,,
25.55,1423,,,,0.11048062993472522,7.854450478781429,1.533941669298138,5576,0,12.048268878841544,0.00916983435925345,,
25.6,1423,,,,0.11048062993472522,7.854579922847292,1.5301529296055127,5559,0,12.018708479765426,0.009192387861035925,,
25.650000000000002,1423,,,,0.11048062993472522,7.854421342325049,1.5356988892802876,5583,0,12.062026131347963,0.009159375774157664,,
25.7,1423,,,,0.11216458251044945,7.854501673282724,1.534714168901472,5571,0,12.054415007647316,0.009304854896674146,,
25.75,1423,,,,0.11216458251044945,7.855341929637676,1.5349878259259762,5565,0,12.057854230479698,0.00930220090295346,,
25.8,1423,,,,0.11286146823674896,7.856012704878962,1.5350970531364716,5576,0,12.059741952662376,0.00935853094367687,,
25.85,1423,,,,0.11286146823674896,7.854805305514375,1.543102731634057,5575,0,12.120771523392918,0.009311409592939518,,
25.900000000000002,1423,,,,0.11286146823674896,7.855300010772802,1.5386872153269588,5577,0,12.086849699133833,0.009337542126037757,,
25.95,1423,,,,0.11286146823674896,7.855861571167116,1.5369857913145664,5562,0,12.074347613417983,0.009347210453948523,,
26,1423,,,,0.1115280935499952,7.85554794642341,1.533589740154782,5548,0,12.04718773392891,0.009257604016238145,,
26.05,1423,,,,0.1115280935499952,7.855632028825613,1.5325846048579017,5557,0,12.039420708806778,0.009263576400184515,,
26.1,1423,,,,0.1115280935499952,7.855650919836655,1.533615563319826,5564,0,12.0475485106692,0.009257326787373127,,
26.150000000000002,1423,,,,0.11095276411992443,7.854895329551715,1.538295552245752,5584,0,12.083150548805333,0.009182436622946353,,
26.2,1423,,,,0.11095276411992443,7.856384522818653,1.534133038850145,5572,0,12.052739062367026,0.0092056057586411,,
26.25,1423,,,,0.11095276411992443,7.856008861671558,1.53692110848241,5557,0,12.074065847927887,0.009189345620387335,,
26.3,1423,,,,0.11080569025198231,7.856289988311953,1.5352297478323267,5573,0,12.061210097653792,0.009186946363991852,,
26.35,1423,,,,0.11080569025198231,7.856507435437042,1.5334008756993338,5570,0,12.047175381437487,0.009197648971120133,,
26.400000000000002,1423,,,,0.11130535583936411,7.855750740892253,1.536963668573683,5575,0,12.074003478122185,0.009218595641540674,,
26.45,1423,,,,0.11130535583936411,7.855050256126544,1.538677001950151,5573,0,12.086385178264557,0.009209151801609725,,
26.5,1423,,,,0.11130535583936411,7.8558490992450825,1.5334112751799633,5574,0,12.046247584894768,0.009239836310431971,,
26.55,1423,,,,0.11237002317084548,7.855264332179604,1.539038840874174,5550,0,12.08955691255794,0.009294800792419606,,
26.6,1423,,,,0.11237002317084548,7.854736707393542,1.5426266612758315,5576,0,12.116926262127217,0.009273805975205966,,
26.650000000000002,1423,,,,0.11237002317084548,7.855230837591845,1.540028926209521,5574,0,12.097282711944485,0.009288864767944521,,
26.7,1423,,,,0.11237002317084548,7.855463480334668,1.5386601802591853,5584,0,12.086888854671187,0.009296852525240037,,
26.75,1423,,,,0.1125990368250049,7.855948939792179,1.532999867384444,5588,0,12.043168682880374,0.009349618841183124,,
26.8,1423,,,,0.1125990368250049,7.8555099763310645,1.5341239406256058,5581,0,12.051325920512772,0.009343290320722977,,
26.85,1423,,,,0.1125990368250049,7.855322483026149,1.5380459677549199,5574,0,12.081847070432934,0.009319687310110117,,
26.900000000000002,1423,,,,0.1129372057328294,7.854926977223585,1.539455322141513,5559,0,12.092309140119795,0.009339589686648596,,
26.95,1423,,,,0.1129372057328294,7.855803721541871,1.5380893305575136,5565,0,12.08292788705756,0.009346840996527037,,
27,1423,,,,0.11282505043722946,7.855232415634422,1.5387496943200558,5581,0,12.08723647837046,0.009334230420586589,,
27.05,1423,,,,0.11282505043722946,7.8564132115816285,1.5289846599382295,5573,0,12.01233528264435,0.009392432677119929,,
27.1,1423,,,,0.11282505043722946,7.856182695568478,1.5325070507978498,5556,0,12.03965537331475,0.009371119599261964,,
27.150000000000002,1423,,,,0.11282505043722946,7.856347480455915,1.5338803184360303,5549,0,12.050696775065823,0.009362533349165047,,
27.2,1423,,,,0.11123119140495377,7.8560205293013246,1.5417678012766103,5558,0,12.112159498244814,0.009183431857966566,,
27.25,1423,,,,0.11123119140495377,7.855935494929582,1.5395718036238972,5570,0,12.09477677908173,0.009196630366699397,,
27.3,1423,,,,0.11123119140495377,7.856847518695362,1.534490039610905,5562,0,12.056254260179687,0.009226015726321948,,
27.35,1423,,,,0.11054748021334584,7.856222358062988,1.5375116362255816,5547,0,12.079033292297423,0.009152013868844946,,
27.400000000000002,1423,,,,0.11054748021334584,7.856120021867071,1.5351263974046054,5541,0,12.060137226746987,0.009166353428232434,,
27.45,1423,,,,0.1103709321034825,7.855458902661649,1.5387376605126697,5542,0,12.08749045413501,0.009131004696324349,,
27.5,1423,,,,0.1103709321034825,7.854993792333774,1.5411373787425326,5553,0,12.105624543156138,0.009117326554281765,,
27.55,1423,,,,0.1103709321034825,7.854080473733056,1.5464312191143914,5556,0,12.145795242017547,0.009087172136877611,,
27.6,1423,,,,0.1103709321034825,7.854404400696781,1.5402432701505169,5558,0,12.097693519213822,0.009123303704808605,,
27.650000000000002,1423,,,,0.11015075493093236,7.85452873302783,1.542275430438778,5556,0,12.113846682624246,0.009092962608560124,,
27.7,1423,,,,0.11015075493093236,7.854732338420758,1.5399215887759234,5551,0,12.095671901990519,0.009106625561892552,,
27.75,1423,,,,0.11015075493093236,7.853972830675865,1.5440993176279918,5566,0,12.12731408851539,0.00908286485589134,,
27.8,1423,,,,0.1106825393613079,7.855449037507088,1.5404168899535842,5564,0,12.100666375545545,0.009146813565985774,,
27.85,1423,,,,0.1106825393613079,7.854917752146893,1.5396828593379859,5575,0,12.094082224490233,0.009151793191646933,,
27.900000000000002,1423,,,,0.11150844269413895,7.856604531302676,1.5308493324561043,5572,0,12.027277802116307,0.009271295178242083,,
27.95,1423,,,,0.11150844269413895,7.85651979173957,1.5298403884663705,5546,0,12.019221290188593,0.009277509748918956,,
28,1423,,,,0.11150844269413895,7.855443042293814,1.5365514500708826,5557,0,12.070292397585785,0.009238255298309269,,
28.05,1423,,,,0.11187216301869718,7.855425846834096,1.538916571898948,5554,0,12.088845015016316,0.009254164717947308,,
28.1,1423,,,,0.11187216301869718,7.853398375333492,1.5447565259637948,5566,0,12.131588391289874,0.009221559404291866,,
28.150000000000002,1423,,,,0.11187216301869718,7.854809693941326,1.5382467241753488,5574,0,12.082635280726018,0.0092589207916549,,
28.2,1423,,,,0.11187216301869718,7.854412871547467,1.5373246239591847,5570,0,12.07478231417189,0.009264942431914109,,
28.25,1423,,,,0.11230604779392231,7.854705829462604,1.5348106686628498,5565,0,12.055486306267484,0.009315762545019516,,
28.3,1423,,,,0.11230604779392231,7.8544050462249935,1.5367240704094052,5579,0,12.070053293279043,0.009304519629292572,,
28.35,1423,,,,0.11230604779392231,7.855338486999704,1.5359846578725154,5575,0,12.065679398427044,0.00930789258403163,,
28.400000000000002,1423,,,,0.11235379443881524,7.855649640386898,1.5370670904722448,5568,0,12.074660536518826,0.009304923653879159,,
28.45,1423,,,,0.11235379443881524,7.854884943282364,1.5394193774363196,5557,0,12.091962089221658,0.009291609881820866,,
28.5,1423,,,,0.11237311121439411,7.855858097170115,1.535553138427484,5560,0,12.063087556150533,0.009315451843595309,,
28.55,1423,,,,0.11237311121439411,7.856123240475863,1.5377333123893187,5563,0,12.080622413115657,0.009301930593608586,,
28.6,1423,,,,0.11237311121439411,7.855409388277155,1.5383087692884443,5564,0,12.084045148337522,0.009299295876087818,,
28.650000000000002,1423,,,,0.1118657373621936,7.8554324214855935,1.537400527924962,5571,0,12.076945951870815,0.009262750517225318,,
28.7,1423,,,,0.1118657373621936,7.856148394673612,1.533827858012094,5572,0,12.049979264427378,0.009283479656469727,,
28.75,1423,,,,0.1118657373621936,7.855802711851572,1.5300114342619435,5561,0,12.01946797443889,0.009307045669583049,,
28.8,1423,,,,0.11163791917795526,7.856156782494572,1.534643013189075,5551,0,12.056396116773257,0.009259642607681154,,
28.85,1423,,,,0.11163791917795526,7.855372752799418,1.5370145098252392,5555,0,12.073821901138539,0.00924627844373189,,
28.900000000000002,1423,,,,0.11163791917795526,7.855635132313174,1.5418611694202238,5568,0,12.112298771646985,0.009216905996348302,,
28.95,1423,,,,0.11163791917795526,7.855882461113546,1.5343852002130847,5577,0,12.053949782946168,0.009261521840409499,,
29,1423,,,,0.11207106627636587,7.854939413036232,1.5441513145022256,5573,0,12.129215019975238,0.009239762514870041,,
29.05,1423,,,,0.11207106627636587,7.85532540331895,1.5436476985126446,5567,0,12.12585497990121,0.009242322826895537,,
29.1,1423,,,,0.11207106627636587,7.855578878526696,1.5389793519863169,5553,0,12.089573691952413,0.009270059402588156,,
29.150000000000002,1423,,,,0.11222656648104634,7.8559033735682124,1.5388756396989471,5560,0,12.0892583294129,0.009283163898318028,,
29.2,1423,,,,0.11222656648104634,7.855511386403737,1.5431814757988358,5561,0,12.122479654425078,0.009257723640730565,,
29.25,1423,,,,0.11222656648104634,7.855257557596703,1.5413853551430345,5583,0,12.107978960156201,0.00926881082717033,,
29.3,1423,,,,0.11114292838004816,7.855822737030378,1.540593156413743,5571,0,12.102626746668479,0.009183372395636573,,
29.35,1423,,,,0.11114292838004816,7.855815458012346,1.5382815720135643,5575,0,12.08445615219969,0.00919718082305402,,
29.400000000000002,1423,,,,0.11069723198895928,7.855531346636637,1.5406521520680243,5571,0,12.102641274833559,0.00914653499803758,,
29.45,1423,,,,0.11069723198895928,7.8550547588773405,1.538461876399386,5570,0,12.08470228356236,0.009160112462143972,,
29.5,1423,,,,0.11069723198895928,7.855767960152953,1.5352481032621217,5577,0,12.060552860492168,0.009178454194382756,,
29.55,1423,,,,0.11062533995326126,7.855392964908433,1.540797935417155,5585,0,12.103573262221358,0.009139890969103639,,
29.6,1423,,,,0.11062533995326126,7.854837922632866,1.5415622483036684,5588,0,12.108721608074838,0.009136004900755957,,
29.650000000000002,1423,,,,0.11062533995326126,7.854740200212712,1.541715999717681,5596,0,12.1097786402936,0.009135207441791783,,
29.7,1423,,,,0.11062744761950782,7.855866715758888,1.5385883355766534,5566,0,12.086944894711499,0.009152639362814633,,
29.75,1423,,,,0.11062744761950782,7.8564374096940295,1.5340467261410504,5565,0,12.0521420874732,0.00917906931536197,,
29.8,1423,,,,0.11062744761950782,7.856239209270999,1.5327435486369116,5579,0,12.041599964558475,0.009187105363499273,,
29.85,1423,,,,0.11062744761950782,7.8559718695167,1.5362236456132372,5595,0,12.068529745223984,0.00916660520833432,,
29.900000000000002,1423,,,,0.11121385846241735,7.857298006969362,1.5309164969108227,5576,0,12.028867140013924,0.009245580416502017,,
29.95,1423,,,,0.11121385846241735,7.857324947120068,1.5331138246368672,5563,0,12.046173501093918,0.009232297580000652,,
